Workbook

Sheet Orders
A1: 🌸 Bloom & Balloon Co. — Order Tracker
A2: Track all client orders, quantities, pricing, and status
A4: Order # | B4: Customer Name | C4: Event Type | D4: Event Date | E4: Qty | F4: Unit Price (₱) | G4: Total (₱) | H4: Status
A5: 1 | B5: Jane Doe | C5: Birthday | D5: 2025-03-01 | E5: 2 | F5: 15 | G5: =E5*F5 | H5: Completed
A6: 2 | B6: Maria Santos | C6: Graduation | D6: 2025-03-05 | E6: 5 | F6: 20 | G6: =E6*F6 | H6: Completed
A7: 3 | B7: Alex Kim | C7: School Fair | D7: 2025-03-08 | E7: 3 | F7: 12 | G7: =E7*F7 | H7: In Progress
A8: 4 | B8: Sam Reyes | C8: Birthday | D8: 2025-03-10 | E8: 4 | F8: 15 | G8: =E8*F8 | H8: In Progress
A9: 5 | B9: Lily Cruz | C9: Debut | D9: 2025-03-15 | E9: 10 | F9: 25 | G9: =E9*F9 | H9: Pending
A10: 6 | B10: Kevin Tan | C10: Baby Shower | D10: 2025-03-20 | E10: 6 | F10: 18 | G10: =E10*F10 | H10: Pending
A11: 7 | B11: Anna Villanueva | C11: Birthday | D11: 2025-03-22 | E11: 3 | F11: 15 | G11: =E11*F11 | H11: Pending
A12: 8 | B12: Marco Dela Cruz | C12: Anniversary | D12: 2025-03-28 | E12: 8 | F12: 22 | G12: =E12*F12 | H12: Pending
A14: TOTAL REVENUE | G14: =SUM(G5:G12)

Sheet Summary
A1: 🌸 Bloom & Balloon Co. — Dashboard
A3: 📦 Total Orders | B3: =COUNTA(Orders!B5:B12)
A4: 💰 Total Revenue (₱) | B4: =SUM(Orders!G5:G12)
A5: 📊 Avg Order Value (₱) | B5: =IFERROR(SUM(Orders!G5:G12)/COUNTA(Orders!B5:B12),0)
A6: ✅ Completed Orders | B6: =COUNTIF(Orders!H5:H12,"Completed")
A7: 🔄 In Progress | B7: =COUNTIF(Orders!H5:H12,"In Progress")
A8: ⏳ Pending Orders | B8: =COUNTIF(Orders!H5:H12,"Pending")
A10: 📋 Revenue by Event Type
A11: Birthday | B11: =SUMIF(Orders!C5:C12,A11,Orders!G5:G12)
A12: Graduation | B12: =SUMIF(Orders!C5:C12,A12,Orders!G5:G12)
A13: School Fair | B13: =SUMIF(Orders!C5:C12,A13,Orders!G5:G12)
A14: Debut | B14: =SUMIF(Orders!C5:C12,A14,Orders!G5:G12)
A15: Baby Shower | B15: =SUMIF(Orders!C5:C12,A15,Orders!G5:G12)
A16: Anniversary | B16: =SUMIF(Orders!C5:C12,A16,Orders!G5:G12)
